Filename,Source Filename,Timestamp Local (ms),Timestamp Local (hh:mm:ss.SSS),Timestamp Global (ms),Timestamp Global (hh:mm:ss.SSS),Subtitle
Rust in 100 Seconds-Scene-001_0.jpeg,Rust in 100 Seconds-Scene-001.mp4,400,00:00:00.400,400,00:00:00.400,rust a memory safe compiled programming
Rust in 100 Seconds-Scene-002_0.jpeg,Rust in 100 Seconds-Scene-002.mp4,400,00:00:00.400,4371,00:00:04.371,simplicity with low-level performance
Rust in 100 Seconds-Scene-003_0.jpeg,Rust in 100 Seconds-Scene-003.mp4,266,00:00:00.266,5238,00:00:05.238,simplicity with low-level performance
Rust in 100 Seconds-Scene-004_0.jpeg,Rust in 100 Seconds-Scene-004.mp4,2669,00:00:02.669,8208,00:00:08.208,systems where performance is absolutely
Rust in 100 Seconds-Scene-005_0.jpeg,Rust in 100 Seconds-Scene-005.mp4,1234,00:00:01.234,9742,00:00:09.742,systems where performance is absolutely
Rust in 100 Seconds-Scene-006_0.jpeg,Rust in 100 Seconds-Scene-006.mp4,266,00:00:00.266,10710,00:00:10.710,critical like game engines databases or
Rust in 100 Seconds-Scene-007_0.jpeg,Rust in 100 Seconds-Scene-007.mp4,367,00:00:00.367,11878,00:00:11.878,critical like game engines databases or
Rust in 100 Seconds-Scene-009_0.jpeg,Rust in 100 Seconds-Scene-009.mp4,4004,00:00:04.004,17718,00:00:17.718,started as a side project of great on
Rust in 100 Seconds-Scene-010_0.jpeg,Rust in 100 Seconds-Scene-010.mp4,533,00:00:00.533,20253,00:00:20.253,in 2007 who named it after the
Rust in 100 Seconds-Scene-011_0.jpeg,Rust in 100 Seconds-Scene-011.mp4,467,00:00:00.467,22456,00:00:22.455,rust fungus it was sponsored by mozilla
Rust in 100 Seconds-Scene-012_0.jpeg,Rust in 100 Seconds-Scene-012.mp4,1334,00:00:01.334,25959,00:00:25.958,loved programming language every year
Rust in 100 Seconds-Scene-013_0.jpeg,Rust in 100 Seconds-Scene-013.mp4,467,00:00:00.467,30897,00:00:30.896,rust stations traditionally high level
Rust in 100 Seconds-Scene-014_0.jpeg,Rust in 100 Seconds-Scene-014.mp4,1634,00:00:01.634,32765,00:00:32.765,languages provide a garbage collector to
Rust in 100 Seconds-Scene-015_0.jpeg,Rust in 100 Seconds-Scene-015.mp4,567,00:00:00.567,34634,00:00:34.634,nerf your control over memory management
Rust in 100 Seconds-Scene-016_0.jpeg,Rust in 100 Seconds-Scene-016.mp4,2135,00:00:02.135,39005,00:00:39.005,functions like free and allocate to
Rust in 100 Seconds-Scene-017_0.jpeg,Rust in 100 Seconds-Scene-017.mp4,900,00:00:00.900,40773,00:00:40.773,shoot yourself in the foot rust takes a
Rust in 100 Seconds-Scene-018_0.jpeg,Rust in 100 Seconds-Scene-018.mp4,1267,00:00:01.267,42308,00:00:42.307,different approach it has no garbage
Rust in 100 Seconds-Scene-019_0.jpeg,Rust in 100 Seconds-Scene-019.mp4,600,00:00:00.600,43276,00:00:43.276,different approach it has no garbage
Rust in 100 Seconds-Scene-020_0.jpeg,Rust in 100 Seconds-Scene-020.mp4,3737,00:00:03.737,48749,00:00:48.749,borrowing by default every variable in
Rust in 100 Seconds-Scene-021_0.jpeg,Rust in 100 Seconds-Scene-021.mp4,2335,00:00:02.335,51284,00:00:51.283,rust is immutable this allows values to
Rust in 100 Seconds-Scene-022_0.jpeg,Rust in 100 Seconds-Scene-022.mp4,7440,00:00:07.440,68534,00:01:08.534,to it is dropped automatically in some
Rust in 100 Seconds-Scene-023_0.jpeg,Rust in 100 Seconds-Scene-023.mp4,6940,00:00:06.940,78211,00:01:18.210,ownership of it there are a ton of rules
Rust in 100 Seconds-Scene-024_0.jpeg,Rust in 100 Seconds-Scene-024.mp4,5038,00:00:05.038,83450,00:01:23.450,compile time these rules keep your code
Rust in 100 Seconds-Scene-025_0.jpeg,Rust in 100 Seconds-Scene-025.mp4,1968,00:00:01.968,88354,00:01:28.353,over performance rust also has a package
Rust in 100 Seconds-Scene-026_0.jpeg,Rust in 100 Seconds-Scene-026.mp4,734,00:00:00.734,90057,00:01:30.057,manager called cargo where each
Rust in 100 Seconds-Scene-028_0.jpeg,Rust in 100 Seconds-Scene-028.mp4,567,00:00:00.567,93827,00:01:33.826,started install rest then run cargo new
Rust in 100 Seconds-Scene-029_0.jpeg,Rust in 100 Seconds-Scene-029.mp4,1334,00:00:01.334,95828,00:01:35.828,from the command line in the main.rs
Rust in 100 Seconds-Scene-030_0.jpeg,Rust in 100 Seconds-Scene-030.mp4,24657,00:00:24.657,122021,00:02:02.021,output rest also comes with a standard
Rust in 100 Seconds-Scene-031_0.jpeg,Rust in 100 Seconds-Scene-031.mp4,2669,00:00:02.669,124958,00:02:04.957,io the file system concurrency among
Rust in 100 Seconds-Scene-032_0.jpeg,Rust in 100 Seconds-Scene-032.mp4,8008,00:00:08.008,136470,00:02:16.469,intensive system requirements this has
